time,reward,reward_cumulative,speed,base_x,base_y,base_height,left_contact,right_contact,left_Fz,right_Fz,left_Ft,right_Ft,left_mu,right_mu,L_HAA_q,L_HAA_qd,L_HAA_tau,L_HFE_q,L_HFE_qd,L_HFE_tau,L_KFE_q,L_KFE_qd,L_KFE_tau,R_HAA_q,R_HAA_qd,R_HAA_tau,R_HFE_q,R_HFE_qd,R_HFE_tau,R_KFE_q,R_KFE_qd,R_KFE_tau
0.01,-3.4003825187683105,-3.4003825187683105,0.10207765155831784,0.0033234293597791884,0.010016944079948877,0.4842229428339362,0,0,0.0,0.0,0.0,0.0,0.0,0.0,0.060040079804024975,0.02628554619401996,3.0006245644181533,-0.2147815675388785,12.539509836418048,21.99302936058573,0.08208889686436219,-17.71933004253315,-33.5,-0.06003627578901726,-0.025318989938397318,-3.000718109542977,-0.2148614785510427,12.530586920834976,21.99613261963563,0.08186187004779306,-17.736913936445976,-33.5
0.020000000000000004,-3.574605941772461,-6.9749884605407715,0.1384800905356624,0.004600024673919631,0.010028473892032857,0.4810500466838978,0,0,0.0,0.0,0.0,0.0,0.0,0.0,0.060820439278842627,0.11590762948038941,2.9705687990059078,-0.08556671790487971,12.505123864929159,9.528848281736902,-0.1431785332719503,-24.915986762624105,-33.5,-0.06079577704265288,-0.1130870457093505,-2.971519852438291,-0.08574188098300821,12.495420626453335,9.536636111795744,-0.14353577558778102,-24.926719749559123,-33.5
0.030000000000000013,-2.825665235519409,-9.80065369606018,0.12855863424492422,0.005953141578037597,0.010077663797915052,0.4766778391191533,0,0,0.0,0.0,0.0,0.0,0.0,0.0,0.06269646540793138,0.25425598330595306,2.8906023279340265,0.010095411863361273,7.501747865798517,0.6454041934117885,-0.4096269467220801,-27.02948816623685,-28.35710148051968,-0.06263410163908993,-0.2500183732559087,-2.8932967553710944,0.009823207817875157,7.491857415502803,0.6580253506565228,-0.41005875866380315,-27.032961264318168,-28.33585819324166
0.04000000000000002,-1.04304838180542,-10.8437020778656,0.08805204902808443,0.007002473868998935,0.010062298685117146,0.4721176735619949,0,0,0.0,0.0,0.0,0.0,0.0,0.0,0.06693191209042626,0.5860110403562708,2.712005499514314,0.05225978022948356,2.247969003585961,-4.1481921111155815,-0.645180976301055,-20.890819258281375,-11.590033110775398,-0.06793724440433689,-0.7235082910871237,-2.6754886088918677,0.0658991290722909,4.380513882394195,2.4926016608898287,-0.6608401205270584,-23.110672988788227,-15.4045612725259
0.05000000000000003,-0.21426114439964294,-11.057963222265244,0.05815572367028727,0.00764693037512784,0.009849019188586923,0.46843303908764605,0,0,0.0,0.0,0.0,0.0,0.0,0.0,0.0760991696870268,1.1613036996962396,2.311171885618284,0.07575839058223327,2.4448724147998235,5.84647858339722,-0.7831181858662657,-9.440229233163581,7.155886369996924,-0.07940397249365554,-1.387215280307838,-2.168522903348007,0.09971018569654931,2.6567181675779,-0.019636558455111697,-0.8505736799189961,-16.081696450525104,-5.214985649102701
0.06000000000000004,-0.2843453586101532,-11.342308580875397,0.04298095291618051,0.007996268153473462,0.009490069293460019,0.4659618551236539,0,0,0.0,0.0,0.0,0.0,0.0,0.0,0.09142992875496664,1.7480749385263725,1.603311056104305,0.13419366456824888,7.68503903178907,17.69276719738381,-0.81187529274853,0.9162146755631468,16.05178610498281,-0.09613559524143814,-1.7989932400664728,-1.3731195619347405,0.11398731368313011,0.534314692840704,-4.825813669103697,-0.9628594334057611,-7.591216047022872,1.2483500655857611
0.07000000000000005,-0.7259290814399719,-12.068237662315369,0.03678677639206726,0.008170201301784065,0.009138065739233356,0.464466057500031,0,0,0.0,0.0,0.0,0.0,0.0,0.0,0.10930528586675281,1.7240245406754515,0.7071381607299045,0.2384449147770827,11.620341753708471,17.70759462351699,-0.753255017737333,8.473281442312473,17.7299190310979,-0.11453893689411473,-1.785494681702754,-0.45160262346453894,0.1195468305683329,0.4350405280297015,-1.05529077719601,-0.9999045630537434,-1.7443320817917358,3.6852949445079943
0.08000000000000006,-0.8817070126533508,-12.94994467496872,0.03933139408081538,0.008350658918841,0.008792572790996177,0.46322370979432625,0,0,0.0,0.0,0.0,0.0,0.0,0.0,0.12489539051794975,1.2970113980192162,-0.11506838609556613,0.3741265627349209,14.1772703759416,16.520006244716377,-0.6422546998532617,12.212734090460671,14.865912401709156,-0.12784258778083638,-0.8300733246222516,0.3091220565795938,0.1418400940716582,2.9854140548924635,5.582121962015284,-1.0008354773765376,0.7107050583256947,3.9773443746594452
0.09000000000000007,-0.63969486951828,-13.589639544487,0.042573484143195166,0.008700361988529335,0.008650613840111097,0.4616628186106221,0,0,0.0,0.0,0.0,0.0,0.0,0.0,0.13109725551534854,0.2868017082578854,-0.5261826049416385,0.5265843681743688,15.282200784947934,13.48416607609731,-0.5367258343940573,9.287466577733346,3.1356809250572937,-0.13138957478898267,-0.12328554378915982,0.5571501850702179,0.19679209396647215,6.578449921059869,11.406630418887664,-0.9877601416531271,1.6110723430993774,3.4136143169662887
0.10000000000000007,-0.6130624413490295,-14.202701985836029,0.0803236127912549,0.009324204088436648,0.00888826080989921,0.45932524038625083,0,0,0.0,0.0,0.0,0.0,0.0,0.0,0.13120593708424938,-0.1130474302719868,-0.5716015972396677,0.6803175498510706,14.817970761504082,8.437018227389459,-0.5017751877245068,0.1853745449408284,-12.706497530901292,-0.1309786191057916,0.11758292195974694,0.5606892474855547,0.2890155337546803,10.26703366256977,16.37243993392213,-0.9711961543806646,1.6619366342267636,2.590501382455905
0.11000000000000008,-0.7963687181472778,-14.999070703983307,0.10691408608394037,0.01017117269813787,0.009410154786435008,0.4563143117081108,0,0,0.0,0.0,0.0,0.0,0.0,0.0,0.1259721121997747,-0.8305347836166973,-4.328262871908359,0.8156698816859771,12.218113400016788,3.0209764419783696,-0.5570680884395675,-8.445201363176022,-19.126615714339227,-0.12931110230143922,0.1904780732830007,0.4846029224002608,0.40374528860452286,11.721756967809116,15.623897935118677,-0.9561710328133405,1.4087927709338188,1.813930917760402
0.12000000000000009,-0.6215617060661316,-15.620632410049438,0.11185086429307967,0.011032736109947284,0.010123858895647986,0.4532775717289645,0,0,0.0,0.0,0.0,0.0,0.0,0.0,0.09608124097018712,-4.304354666669466,-11.234497515176303,0.9122457085055974,7.799435933642915,-1.3071603826502525,-0.6628077431667859,-11.34993498444696,-14.1301063401054,-0.1270489573203555,0.23951480511637824,0.3763993465294124,0.5072360219916418,9.309172646340594,8.339753725882698,-0.9409086030476309,1.5726061620261798,2.2511729891087953
0.1300000000000001,-0.41588494181632996,-16.03651735186577,0.087784353435229,0.011587906689515875,0.010907309413871774,0.4511392314828459,0,0,0.0,0.0,0.0,0.0,0.0,0.0,0.04087310167378965,-6.05317824718479,-8.648972908407961,0.930402107152011,-1.6260227662787166,-15.317783002626225,-0.772224327078867,-10.35028398007978,-8.559312044064626,-0.12480358486969481,0.2080569810474787,0.2609849415894887,0.5566378277334463,2.5466176984969904,-3.0950987978916196,-0.9068500210237271,4.309872495745706,7.505909818820953
0.1400000000000001,-1.092793583869934,-17.129310935735703,0.06430402564338254,0.011660527056586439,0.011596551810816173,0.45032554759839927,0,0,0.0,0.0,0.0,0.0,0.0,0.0,-0.020035771347340043,-5.891178310725768,-5.587329263705574,0.8372165105348532,-13.262630177700114,-26.368133765551356,-0.859552325861589,-7.54406408642692,-3.912290115563245,-0.12308924067874943,0.14478844837329466,0.16894087877480146,0.5223154431580148,-6.383278262527811,-14.064821492794927,-0.8615270802692405,4.498162067708878,3.8754788306081096
0.1500000000000001,-1.6872636079788208,-18.816574543714523,0.0544913196251491,0.011350643345228074,0.012055663859578361,0.4502564668111728,0,0,0.0,0.0,0.0,0.0,0.0,0.0,-0.07309097282782918,-4.866655107281838,-2.832116869336725,0.6509290512553526,-20.896839036297386,-26.544763599020584,-0.9126572756841015,-3.8904838507919135,0.17296477129536925,-0.1219366574061412,0.09582042372460814,0.10641491267952041,0.41821177952495814,-12.058832657135222,-16.502905147146272,-0.8375456962502853,1.1880742985107149,-4.139407757634665
0.16000000000000011,-1.601461410522461,-20.418035954236984,0.07864309310056299,0.010800442440145185,0.011872149586421287,0.45027896523279876,0,0,0.0,0.0,0.0,0.0,0.0,0.0,-0.09344211051695538,-0.4935329848824863,10.457660715370118,0.4222048888823477,-23.015241491865655,-20.556944872877875,-0.9018770915725085,3.7437371169714835,12.425717913624268,-0.11347681434922839,1.2979047662165184,-0.1963688059169284,0.2840458269581525,-13.550224907216139,-14.189173581740143,-0.8368154574701387,-0.5674046981516269,-4.351467596308225
0.17000000000000012,-0.8637605309486389,-21.281796485185623,0.12101014377524985,0.010199160030333356,0.011003433347320297,0.4498188549045842,0,0,0.0,0.0,0.0,0.0,0.0,0.0,-0.08333396190036191,1.8484099754626762,10.351539092564362,0.22955879081000957,-16.40989139047971,-2.9537982121510495,-0.8239310746647004,9.694981113377581,16.340545618553794,-0.09675486009795609,1.8486035575717796,-0.9773966393450175,0.16126289432545518,-11.123069009947551,-10.354567463134057,-0.8480961678436321,-1.4394656617732389,-3.87463817399572
0.18000000000000013,-0.8220705986022949,-22.103867083787918,0.13050968216123268,0.009739612907584265,0.009802597738758152,0.4485402505617564,0,0,0.0,0.0,0.0,0.0,0.0,0.0,-0.05628881795344915,3.1630317171132245,9.13074406938378,0.14225821055696972,-4.164062026939192,16.569761549896036,-0.7091428598422858,12.054434633124174,15.167282719815312,-0.07777576194732537,1.8607076967817107,-1.9251411329555603,0.07676072284678404,-6.847433263736012,-7.230248976232728,-0.8638925350690632,-1.6449535636059616,-3.10536860290744
0.19000000000000014,-0.8327349424362183,-22.936602026224136,0.11244660822236743,0.00945805356817062,0.008618249028529848,0.44638303013729197,0,0,0.0,0.0,0.0,0.0,0.0,0.0,-0.021666398436308434,3.527201662450973,7.436040088060519,0.17136546663774196,6.794004629342295,24.570574099310196,-0.587817492444687,11.838641442707555,11.677556525138268,-0.0608387813338299,1.5639162928416597,-2.801669304024339,0.029641980754154047,-3.6112883436480017,-5.467709576584457,-0.8794477126186306,-1.4783120759074826,-2.310945576659215
0.20000000000000015,-1.059391975402832,-23.99599400162697,0.07412127645022126,0.009369257553972839,0.007715335954446643,0.4431673875938034,0,0,0.0,0.0,0.0,0.0,0.0,0.0,0.011720577038707308,3.1667913165671635,5.730650279721351,0.29449152829266134,14.916045777409009,24.24269634406568,-0.4761794796985876,10.511622206436183,7.521826860752892,-0.04845969501948856,0.992837908393833,-3.477731458186189,0.037737369453334446,2.962756108881359,8.149378330892048,-0.8952851673330285,-1.578816543741472,-1.5291232877227188
0.21000000000000016,-1.1159738302230835,-25.111967831850052,0.04252013105802219,0.009529375426322094,0.007216160580760501,0.43887474698781814,0,0,0.0,0.0,0.0,0.0,0.0,0.0,0.041617928712535224,2.9096112493916864,4.210064689312407,0.4702872358986486,18.372705761346996,18.80830968977698,-0.38210174014658504,8.523578425085887,3.5544592429457786,-0.0437164966776635,0.10135774509226264,-3.8040393916075987,0.11018060213024881,9.142375584816335,16.035642103339704,-0.9115307538985036,-1.5565578863364864,-0.7146180937084665
0.22000000000000017,-0.8883762955665588,-26.00034412741661,0.05214631042022062,0.009958396465298367,0.0071126306767895775,0.4337066497900836,0,0,0.0,0.0,0.0,0.0,0.0,0.0,0.07162717821767067,3.075462473137383,2.726187336430205,0.6541260752470448,17.680447002659623,11.352981483058546,-0.3264782453129408,3.742509713987923,-4.322782403937246,-0.04922980236882802,-1.0248990865043053,-3.6409997902090296,0.2252075687202192,12.256404448282868,17.103108537821697,-0.9252753188370832,-1.0924319738611012,0.019022744468053077
0.23000000000000018,-0.5683573484420776,-26.56870147585869,0.07704009727100876,0.010611660788951873,0.0073095863208209495,0.42807746911416195,0,0,0.0,0.0,0.0,0.0,0.0,0.0,0.10416754080877905,3.3077707521664266,1.1224000347776908,0.813396120614943,14.31321126786041,4.136259423125786,-0.32611595437184143,-2.0051344064554195,-10.496302411157252,-0.06633746815737697,-2.1439600563306773,-2.8975225977642194,0.3536349776929728,12.670514599844623,15.44547805350657,-0.9309961087229826,-0.30895514431632776,0.3834099217174938
0.24000000000000019,-0.4184788763523102,-26.987180352211,0.09651268638279192,0.01141999303351167,0.00773637045897529,0.42252306508648746,0,0,0.0,0.0,0.0,0.0,0.0,0.0,0.12113945432233873,0.6767363422054551,-6.703140677048335,0.9295668535156297,9.63404318638235,-1.4900917608911044,-0.36800696441249375,-5.2579290637554745,-9.993489389680967,-0.09714771091272244,-3.493901233419221,-1.4920045777058002,0.4734650471083575,11.22037875775687,12.407938187707643,-0.931812821470264,0.029028142177496843,0.45804388773094473
0.25000000000000017,-0.35231977701187134,-27.33950012922287,0.08903573278683952,0.012251207323991422,0.008236436990479538,0.41745586614126584,0,0,0.0,0.0,0.0,0.0,0.0,0.0,0.10360080913847865,-2.899718136602965,-11.47001227058423,0.9972584589150791,4.893862186663709,-4.9586287693363005,-0.42987911717777705,-6.53941622473279,-8.06110793410991,-0.13178564063243758,-2.565410574053742,0.33274097421650506,0.56940795946294,8.407047566812585,7.948637615435253,-0.9306862520301603,0.14655925511982412,0.4134685270199938
0.2600000000000002,-0.19128823280334473,-27.530788362026215,0.06621778390005735,0.01295720894602976,0.008455516880649123,0.4130481838047599,0,0,0.0,0.0,0.0,0.0,0.0,0.0,0.06183102504655911,-4.9082108293696285,-9.582372335264917,1.0212163176687052,0.8730410129220193,-6.324567007492291,-0.48472937347190853,-4.710087889805175,-2.3916956040178228,-0.14398235986794786,-0.552573143563579,1.143860679041035,0.637091844883378,5.74657823239574,4.044513495325525,-0.9290469604087473,0.1681967342035108,0.3336676938577128
0.2700000000000002,-0.08648049831390381,-27.61726886034012,0.04785505489735957,0.013485958171701217,0.008413489081144409,0.40916644289107273,0,0,0.0,0.0,0.0,0.0,0.0,0.0,0.019236850060225935,-3.757776958655249,-1.4214771344039152,1.0076252875368537,-2.541967613311619,-5.846094273383386,-0.5086109736302431,-1.065402927841629,3.6297150955483524,-0.14394876685719868,0.31660854642358416,1.2290991975022925,0.6712013685251063,2.095301569534703,-3.0206537602715855,-0.925924578991049,0.374380041406318,0.19816695369308235
0.2800000000000002,-0.2121409773826599,-27.82940983772278,0.04023712157776561,0.013758467412779158,0.008128415298157488,0.40565826121813325,0,0,0.0,0.0,0.0,0.0,0.0,0.0,0.001657732443258732,-0.5929797020820015,5.8578154076288635,0.9653727313738106,-4.925022597946926,-3.8875187096109443,-0.4994333180756514,1.9639967057514278,6.151489598449928,-0.13331609931051747,1.4180965870186644,0.8076146242277398,0.6549477913683235,-3.603934551685867,-12.876271299718734,-0.9197578924505989,0.697681731161333,-0.07783720435391928
0.2900000000000002,-0.5474273562431335,-28.376837193965912,0.03817979021419099,0.013738045854392651,0.007762510789175957,0.40232163534411414,0,0,0.0,0.0,0.0,0.0,0.0,0.0,0.006296555300283236,1.0368927643586225,5.7888615114217,0.9097690306629025,-5.5644895350083186,-1.1207284153213948,-0.4678496171557751,3.7080341488169077,6.353338687125774,-0.11660003169427965,1.7456113699431284,0.004562721708294859,0.5773665281700228,-9.792809514956348,-19.708700325677157,-0.9116837544116787,0.8115748285517868,-0.470154796560891
0.3000000000000002,-0.4047738313674927,-28.781611025333405,0.04255498855936393,0.013569284235177734,0.007381533392578748,0.3986540115904269,0,0,0.0,0.0,0.0,0.0,0.0,0.0,0.022404498656344342,1.8905447505918938,5.068829542241972,0.8651549509761693,-3.591637567893516,1.337591937196926,-0.42504169450158663,4.449720779836817,5.25108945173621,-0.10050631853142358,1.4765865475530715,-0.8270254186735135,0.47789447452292444,-9.71598991257563,-10.456160865090517,-0.905703673188625,0.4283498330429196,-0.8074813572644572
0.3100000000000002,-0.1803499460220337,-28.96196097135544,0.03501855782524422,0.01346624406307805,0.007015295291823395,0.39431024460612524,0,0,0.0,0.0,0.0,0.0,0.0,0.0,0.040177733853981996,1.7026053198117659,1.9885263862071132,0.8476879682496395,-0.6668350857279997,2.5216200246220595,-0.3797058515235334,4.404952536956091,3.558207419076197,-0.09133889688423012,0.5819073506287487,-1.3748644207256193,0.41104243127777085,-4.837456194483921,1.6911202259407396,-0.9051631835523851,-0.17653544540899752,-0.8949943669216438
0.32000000000000023,-0.11623898148536682,-29.078199952840805,0.02934562769279948,0.013553890057387363,0.006730226654969551,0.38935061448371605,0,0,0.0,0.0,0.0,0.0,0.0,0.0,0.05231040473401523,0.9184807896104161,-0.8350181690906568,0.8556651017983496,1.5571985741900696,2.3560859349076324,-0.3394744041610031,3.6585077765486584,1.819022739227373,-0.09151892579170871,-0.3617501905820809,-1.4602287294727718,0.3950619968507176,0.1981299769631939,7.7802776271705305,-0.9103878119559797,-0.685993312289228,-0.684708733429936
0.33000000000000024,-0.1598820984363556,-29.23808205127716,0.043353135403246944,0.013844431581156735,0.006485707434500884,0.3839426358647947,0,0,0.0,0.0,0.0,0.0,0.0,0.0,0.062321693951039536,1.0216295110721456,0.23192623155684,0.8786742153507876,2.5676362007812323,1.3132255529824093,-0.3092303356849983,2.5520634539125138,0.40439418175457575,-0.0981203461669427,-0.8223609740381702,-1.1762187890566818,0.42450772552188903,4.33430822438402,10.642891450985548,-0.9183343638463076,-0.8009789670331591,-0.2988797043879359
0.34000000000000025,-0.21652448177337646,-29.454606533050537,0.05935822859906209,0.014320644199467828,0.0062315528724584115,0.3782441693024178,0,0,0.0,0.0,0.0,0.0,0.0,0.0,0.07186883909019753,0.8714244096857042,-0.6746336800646628,0.9057609015535762,2.6050537744912377,-0.03343607996348652,-0.29016554364931135,1.4629006759195444,-0.5328301186744344,-0.10849461445157962,-1.1216840212955443,-0.6874376795505732,0.48903634303404403,7.390183439784281,12.265496868249052,-0.9253248470344143,-0.5030947676123063,0.08043287495948448
0.35000000000000026,-0.23256486654281616,-29.687171399593353,0.07149455794089207,0.014939618833787222,0.0059625382500599605,0.3723971619677466,0,0,0.0,0.0,0.0,0.0,0.0,0.0,0.0767628583775851,0.24944702646334932,-2.079292224509704,0.9283982488865785,1.890667349799612,-1.2343835371892453,-0.2809348655053574,0.5961437730888135,-1.0060807686624234,-0.12044727538190965,-1.1580066049578164,-0.09343689140029898,0.5749136247472337,8.981080826469217,11.739404250868937,-0.9277941518415193,-0.11739619419087194,0.24246797265687547
0.36000000000000026,-0.18481449782848358,-29.871985897421837,0.0804969748213025,0.015621520667958426,0.005580616002677395,0.36643763046198946,0,0,0.0,0.0,0.0,0.0,0.0,0.0,0.08132311170049937,0.4671512564280201,0.11288484465521176,0.9405783336813941,0.7438994240626049,-1.956649438367613,-0.2784853952624722,0.02643404481422637,-1.1405498851384763,-0.12661322639695963,-0.34058487054940184,0.29660283279304167,0.6673216157320165,9.112711816606515,9.297376838410052,-0.9278754026076343,0.04816397800199244,0.26308652818191547
0.3700000000000003,-0.12660107016563416,-29.99858696758747,0.08073395219697317,0.016290763941976594,0.005114230241839681,0.36034701632284133,0,0,0.0,0.0,0.0,0.0,0.0,0.0,0.08838328692526731,0.7794002950575933,1.546377268920284,0.9413411330837435,-0.3636540460058304,-2.104695676810266,-0.28064083006421275,-0.355079668078467,-1.0439442952433122,-0.12677751018605046,0.17306478861720676,0.3561819881642432,0.7536173160833896,8.097613433669949,6.180207405207646,-0.9264330790978857,0.2038833457275477,0.20654228946704478
0.3800000000000003,-0.0857822448015213,-30.084369212388992,0.07283102802719849,0.0168963474667467,0.004641825730758277,0.3541441192339338,0,0,0.0,0.0,0.0,0.0,0.0,0.0,0.09599018703017102,0.7082778996879917,1.2713184384602476,0.9327066243233785,-1.136070717356219,-1.7497024587180405,-0.28539643562916595,-0.5308081114527708,-0.8075457286746417,-0.12320800833431354,0.43979463410412634,0.20437988012608965,0.8247899449542812,6.3772523652987445,3.2290151084219048,-0.9238990898350028,0.27738530400763706,0.08719302215089897
0.3900000000000003,-0.0641278326511383,-30.14849704504013,0.07609904664333275,0.01743322364829897,0.0041889944245157166,0.3479288027154234,1,0,83.48947766938228,0.0,31.272371874062852,0.0,0.3745666205187508,0.0,0.10100378835460157,0.23369946546671583,0.9731805288165933,0.9214246979765431,-0.7368365689556704,-1.1453770582108262,-0.294520382883202,-1.7299442780264664,-0.4615473030351449,-0.11876609291066831,0.4020530946099204,-0.02149004500559215,0.8764826137844863,4.217136235089533,0.8960552060482954,-0.921191025178505,0.25594795259375536,-0.05035394581537389
0.4000000000000003,-0.04999249055981636,-30.198489535599947,0.09762069204510598,0.018027265471132748,0.0035238757623938573,0.34221029082879745,1,0,58.42213270351931,0.0,21.91437439144171,0.0,0.3751039717695488,0.0,0.0997235612427137,-0.31734845770777736,0.9820870920935372,0.9181777412014026,-0.17996891297501388,-0.9271590528604889,-0.3221503423594179,-3.221265769466862,0.776647329388652,-0.11588149627408191,0.20851029047065034,-0.1850741572488399,0.9060134350699734,2.1952459547622025,-0.5020637949642577,-0.9189830121700668,0.19796353802698644,-0.16655303769395857
0.4100000000000003,-0.06414475291967392,-30.26263428851962,0.12238858761135617,0.01860510283930911,0.00256604294379911,0.3370491094929481,1,0,51.25204304763433,0.0,23.410639323744103,0.0,0.45677474447625827,0.0,0.09502862147050663,-0.5465029298396555,1.1939186334907035,0.9166968186048188,-0.16918340997683687,-0.851924332134331,-0.35632742322448374,-3.428313691203314,2.4682938651225204,-0.11433805250123633,0.11967639076118147,-0.012061277950912164,0.9195000810147576,0.8707797769175195,-1.1404760552112165,-0.9173503494429424,0.14211834270227836,-0.25377069358265203
0.4200000000000003,-0.09844805300235748,-30.36108234152198,0.17485405318325611,0.019141164621244038,0.0011218781157978103,0.33249714481041986,1,0,51.96034785118667,0.0,22.509085861503877,0.0,0.4331973583543371,0.0,0.09318162009296373,-0.016920909788309124,1.3392269043729828,0.9139150110289198,-0.3555071353315392,-0.7314003015165724,-0.38938947358085446,-3.142093261941007,4.1521167966598185,-0.10052304667595832,2.045507897654735,5.420719207656091,0.9239474399910229,0.21446594288367016,-1.3274553945618308,-0.9165204410538109,0.05534724219704383,-0.3039432230897532
0.4300000000000003,-0.12872737646102905,-30.489809717983007,0.23042365550753785,0.01963688156873729,-0.000906916909019654,0.3285937575838037,1,0,52.17482485908524,0.0,23.29898280786307,0.0,0.44655602437063047,0.0,0.09535385891932162,0.28596831677083717,1.260903885711003,0.9093792678712057,-0.5014794753668741,-0.5191707630194244,-0.41711640104308184,-2.477269575953744,5.606204560845438,-0.06996916977690032,3.524336485553507,6.178557796099549,0.9240087676331532,-0.10451917804673576,-1.3018082930417734,-0.9161843255959008,0.024161798916170922,-0.3238675403133442
0.44000000000000034,-0.10207870602607727,-30.591888424009085,0.27181763571072304,0.020092277363420997,-0.0034222028683627446,0.32529808215890577,1,0,50.27770375731278,0.0,26.03027369502394,0.0,0.5177299524843145,0.0,0.09634625581685814,-0.046130293925451246,1.1780741797645478,0.9045014132475601,-0.4610689550606822,-0.2712132110375407,-0.43634938846093274,-1.5476349956660564,6.66157280325206,-0.03612555975593121,3.2128304622091797,2.7543404394365343,0.9218913207719827,-0.2659293584298728,-1.1757097705897834,-0.9159751597841989,0.02012954778317964,-0.33472905601173863
0.45000000000000034,-0.08323565125465393,-30.67512407526374,0.30184037059749974,0.020505616798153378,-0.006293209027821862,0.32253922291554776,1,0,44.9924307128818,0.0,26.650066386659876,0.0,0.5923233168797518,0.0,0.0921063551306013,-0.638725513313442,1.3308096921385912,0.9008319891325679,-0.2919034217062052,-0.07081119069109576,-0.4459739922284405,-0.6018529925653107,7.23783444002871,-0.011968672148964075,1.9157508219464952,-0.32971146646408145,0.9187110298850021,-0.34499592469799617,-1.002781564408501,-0.9156971806149476,0.03284687628112418,-0.3473562816245064
0.46000000000000035,-0.0837707594037056,-30.758894834667444,0.3369855213928429,0.020882882515548127,-0.009501806046772098,0.3202408995234307,1,0,42.99062575077787,0.0,27.179604567953366,0.0,0.6322216404407637,0.0,0.08484460956564396,-0.7748811378969196,1.6802814079281099,0.8990821173717793,-0.10887066030010932,0.03499423024576487,-0.4476812314466758,0.10178005891746733,7.393831654943465,0.004382832942906447,1.443245466498492,0.36957704683291204,0.9151669052698864,-0.3640645984655308,-0.8143900099540318,-0.9153400564409229,0.036697290119445815,-0.36482744894190944
0.47000000000000036,-0.09926339238882065,-30.858158227056265,0.37767826488568973,0.02124164982888366,-0.01310397988292094,0.31835825840334286,1,0,39.36636357176221,0.0,26.205844487476018,0.0,0.66569125121281,0.0,0.07845627509737801,-0.5640625155295461,2.0207799935781448,0.8985184919099151,-0.03266680320045288,0.07080102310305847,-0.44359815066485053,0.6020464012474466,7.239867419398028,0.02075469818030419,1.7096939926925545,1.6858879197216337,0.9114234637223676,-0.38839973075907314,-0.6217961311621707,-0.9150475534375897,0.02376310342170397,-0.3807460177783426
0.48000000000000037,-0.10230601578950882,-30.960464242845774,0.413023506320369,0.021603217037179163,-0.017082851857325734,0.3168223232758251,1,0,34.637838567261014,0.0,24.754987081438053,0.0,0.7146804590213521,0.0,0.07397453292006226,-0.38493717220286366,2.2627796367766004,0.89839007942868,-0.002826436450799676,0.08020876427223556,-0.43497942474945495,1.030175515284052,6.851841936619609,0.038619572889663285,1.7865084229682295,1.2785946569148046,0.9074599524185203,-0.39816945277929183,-0.419884349384688,-0.9148616315359697,0.016013859361665207,-0.3908170372653501
0.4900000000000004,-0.10068807750940323,-31.061152320355177,0.4401923183000559,0.021970813996393616,-0.02136664379056925,0.3155517279553882,1,0,28.645090949327535,0.0,22.653088014077788,0.0,0.7908191760791183,0.0,0.07081886751542599,-0.2721340391272361,2.4318432203159768,0.8985560123679277,0.03195022845460162,0.07539163205986199,-0.4223768940271456,1.4035337077936174,6.259109960707713,0.05526397157742226,1.5556405298994542,0.39023193869523487,0.9036012129465562,-0.37327425716758217,-0.2216299429530082,-0.9147272046052324,0.011892516185102016,-0.39795051811987037
0.5000000000000003,-0.09844435751438141,-31.15959667786956,0.4622038016988861,0.022347347349748227,-0.02589159584623544,0.314458507754132,1,0,23.349676935198982,0.0,19.124932748716272,0.0,0.8190662330243953,0.0,0.06922163048318256,-0.09768966488099576,2.5291495093527727,0.8991347086190451,0.0715783072711523,0.05042073634133004,-0.40672267531727185,1.660591340711006,5.502140033077337,0.06996095166996005,1.3759378274739407,0.2461321744918159,0.9002238174774841,-0.31075380720831247,-0.044811376540103254,-0.914636508364047,0.0070600028708617405,-0.4029685815105637
0.5100000000000003,-0.09537392109632492,-31.254970598965883,0.4801197991226764,0.022736487253664284,-0.030610909818827373,0.3134621985835347,1,0,18.877755343921258,0.0,14.967813265318542,0.0,0.7928809437218031,0.0,0.06961713784802301,0.13195889646134787,2.5323389972449846,0.8999549305647225,0.08453740949002757,0.01070621465276389,-0.38929643754447063,1.7803327137002942,4.642823428479147,0.08346777947842389,1.2976386339637676,0.4409597072141729,0.8976882692212941,-0.21618602324911143,0.09244086344333624,-0.9146063443268337,0.0005036167685220992,-0.40513242198146315
0.5200000000000004,-0.09788218140602112,-31.352852780371904,0.48969569485757986,0.023139116543582437,-0.03547026746005483,0.3124483806558904,0,0,0.0,0.0,0.0,0.0,0.0,0.0,0.07401952358369816,0.6981211738509163,2.3688359382001836,0.9004862147139802,0.011595171729569493,-0.023151817362126792,-0.368907345917924,2.3726230584890806,3.6826105696764575,0.09702675767422086,1.3470191508491263,0.74845453831594,0.8962502623020935,-0.0937457588512464,0.17719606510998176,-0.9146565611412195,-0.009366835740812743,-0.4036086265131047
0.5300000000000004,-0.09283008426427841,-31.445682864636183,0.4875494103629108,0.02354668790390071,-0.04034510824566619,0.31124339566619064,0,0,0.0,0.0,0.0,0.0,0.0,0.0,0.08369914234040299,1.0853810135430655,1.9235809843341576,0.9004233655471447,-0.008497037345281592,-0.02201834039341577,-0.34365470201085263,2.5149623304326365,2.4342199143447036,0.11029000132773088,1.265352902043179,0.6120352238177738,0.8957336641330378,-0.03180008531774328,0.20958703847620086,-0.9148125883561499,-0.021992993154171546,-0.39706988150792455
0.5400000000000004,-0.08343558013439178,-31.529118444770575,0.4785060915164359,0.02395538685738358,-0.04515254157469231,0.30982032983949254,0,0,0.0,0.0,0.0,0.0,0.0,0.0,0.09485796199222664,1.0987025936134487,1.3669721597500128,0.9003425507169432,-0.007569188385994713,-0.017884670266752778,-0.32102354960717366,2.0409577493484012,1.2552664037488075,0.1210358851574302,0.9253188987055152,0.04073763199904157,0.8955667614401318,-0.009660138314646273,0.22036606635786882,-0.9152477848944097,-0.05971887727054913,-0.37908264300656924
0.5500000000000004,-0.07791135460138321,-31.607029799371958,0.46455745823141414,0.024366548377197934,-0.04983203039563431,0.30818267507889613,0,0,0.0,0.0,0.0,0.0,0.0,0.0,0.10425801305448114,0.8498750479842149,0.8720868520743643,0.9002784306452221,-0.005740909218106214,-0.014495752531509254,-0.3047069067621252,1.3409166069460356,0.3694328878740336,0.12590592603037273,0.26596554818934004,-0.26869974669970365,0.8955203639168918,-0.0022096486945195055,0.22356293060351362,-0.9160593402004295,-0.09338566386322573,-0.34187155636485045
0.5600000000000004,-0.07546059787273407,-31.682490397244692,0.454558031954434,0.024783519892284566,-0.05439602020996272,0.3063402910987318,0,0,0.0,0.0,0.0,0.0,0.0,0.0,0.11163119522371823,0.6654544939415301,0.4849856882082415,0.9002283937182689,-0.004597810356599554,-0.011879544558262012,-0.29558865204204526,0.6406342228689514,-0.15650644216694332,0.12670319955737122,-0.010140549990499806,-0.3361740328676115,0.8955188303747416,0.0008993941244603676,0.2240296754658999,-0.9170873893747957,-0.10577632339973245,-0.29170816360019103
0.5700000000000004,-0.07359251379966736,-31.75608291104436,0.44787835040121465,0.02520966520093883,-0.05887877597779616,0.3043104405539459,0,0,0.0,0.0,0.0,0.0,0.0,0.0,0.11722439979482474,0.4882052093764993,0.18760053119641285,0.9001849763838586,-0.004273371915059488,-0.009676202949925994,-0.291978527272532,0.22548752957040194,-0.3785263633500211,0.1259386718636261,-0.10499092351237757,-0.3074326855325422,0.8955395725179252,0.002782432778969584,0.22322837025595987,-0.9180819520580936,-0.09201912654957635,-0.2406043097502817
0.5800000000000004,-0.07129569351673126,-31.82737860456109,0.4429468641098035,0.025647487014649167,-0.06330613672442872,0.30211230090685565,0,0,0.0,0.0,0.0,0.0,0.0,0.0,0.12098435774567858,0.28125724788650264,-0.0210921624952789,0.9001430490982805,-0.004063191634192386,-0.007558802016731647,-0.2910827623959704,0.012338083279366148,-0.4446289598337394,0.12473401940212567,-0.13132836145829568,-0.24983380625211282,0.8955744433938714,0.003836321781048607,0.2216187142091215,-0.9188448921733933,-0.06695366273704918,-0.1999507576040429
0.5900000000000004,-0.06975706666707993,-31.89713567122817,0.4384044487928062,0.026095806436466255,-0.06768631655067649,0.2997626395216747,0,1,0.0,28.601569868990396,0.0,18.107838284942325,0.0,0.6331064250941092,0.1222991427440471,0.01942788341577023,-0.11301434886077733,0.8999573935424049,-0.07711525032621575,-0.005581218916439923,-0.291741806588216,-0.1042059168968993,-0.4233307950550085,0.12342115623437079,-0.11408264721756566,-0.18246607644029567,0.8959440705034727,0.1682996867623776,0.2196007945373495,-0.9198891500882526,-0.3074786513080756,-0.17179036071818388
0.6000000000000004,-0.08577675372362137,-31.98291242495179,0.4308452567249767,0.026465578521885802,-0.07201212184868076,0.29753728318548356,0,1,0.0,99.27861466200473,0.0,18.103204100702676,0.0,0.18234746707523863,0.12082333500456315,-0.22416559625315838,-0.06358330985347305,0.8975450084950949,-0.3451172096164285,0.08823784422546765,-0.29287612781634154,-0.08944404602564258,-0.36513833345116176,0.1226963198250369,-0.04217650583285018,-0.13903364183513034,0.9005481187782568,0.5094212951645634,0.0235208012244712,-0.9274120890413258,-0.7585123135156919,0.15925322071471726
0.6100000000000004,-0.13862289488315582,-32.12153531983495,0.4236325769194953,0.026572823206180523,-0.07627351958398117,0.29627851457561716,0,1,0.0,70.0779615482237,0.0,13.200065793140054,0.0,0.18836257952072327,0.11796649963740617,-0.3133204345813051,0.07034297467156048,0.8932052844088499,-0.46830795783286067,0.292904977739326,-0.2934249423562955,-0.039484979625595794,-0.33270157194719197,0.12252482197538782,-0.007542824372377499,-0.126995381206628,0.9051468166594657,0.4215691420228282,-0.21519315239849135,-0.9328845139169638,-0.41139881695774644,0.4675858141524145
0.6200000000000004,-0.17867109179496765,-32.300206411629915,0.41793793767969784,0.02647897722062702,-0.08047383587759349,0.29575105710302785,0,1,0.0,47.258886428511204,0.0,10.149503214148817,0.0,0.2147639050856208,0.11476641209942916,-0.3145691444117904,0.23022248058736317,0.8885870592240561,-0.44191623175863065,0.526455412000395,-0.2937723377202448,-0.040322011739650755,-0.3154154302413694,0.12247907720797752,-0.004782868953021276,-0.12443214729417829,0.9087539328584254,0.32090844613293745,-0.4056113384844693,-0.9352674053950871,-0.136495792207169,0.6142206905336423
0.6300000000000004,-0.20342004299163818,-32.50362645462155,0.4126287604799826,0.026259236305903048,-0.08461528557990185,0.2956338852719088,0,1,0.0,31.48478220515798,0.0,8.422437270147153,0.0,0.26750818689986566,0.11193501980092997,-0.2560290166763607,0.3776461082858651,0.8847862600556198,-0.3318441257102896,0.7275025824754238,-0.2944192038740532,-0.08271251949000362,-0.2873111272941262,0.12239270007570457,-0.011721010984623668,-0.12080710488369117,0.9113928705873731,0.2267828595075613,-0.5469685675237912,-0.935468211730402,0.046105107447892466,0.6425210972648898
0.6400000000000005,-0.21749258041381836,-32.72111903503537,0.40748008638095634,0.025966470318679265,-0.08870005232981572,0.295705317093099,0,1,0.0,20.511513604826426,0.0,7.400838968489111,0.0,0.3608138702125717,0.10991580742943487,-0.16269492937882843,0.48794013559037364,0.8823031562626084,-0.19112601409235566,0.8657295841568171,-0.2954851877869121,-0.11980010398122092,-0.23772066248119117,0.12223008628682096,-0.01898855147955953,-0.11340316948900409,0.9131278476207159,0.1385854861577946,-0.6425358268835453,-0.9343288145899264,0.1497124219312568,0.5959119716894463
0.6500000000000005,-0.22411073744297028,-32.94522977247834,0.40275106314920883,0.025636919506832237,-0.09273217935206574,0.2958173567966587,0,1,0.0,12.487936941024488,0.0,5.519603489565456,0.0,0.44199478854173724,0.10890423102894299,-0.06483368176459957,0.5483050803763909,0.8811735348081952,-0.07042076438686135,0.9342811823694461,-0.2967477500505615,-0.12297147934923426,-0.17490967026405357,0.12201028990586181,-0.023832563941379753,-0.10289775168722848,0.9140033376405694,0.05614925538571746,-0.6945531531680089,-0.9325349964052249,0.19230756991493833,0.5104805772527357
0.6600000000000005,-0.22605693340301514,-33.17128670588136,0.3987550789427011,0.025294783942935876,-0.09672113495033562,0.29587786561761786,0,1,0.0,7.073954656969018,0.0,3.975627775832602,0.0,0.56200914574803,0.10856919047135782,-0.017201103767534406,0.5698203660553549,0.8809210021812756,0.005752947894976971,0.9545251852564505,-0.29775374388589776,-0.0845480906548695,-0.12076762968492005,0.12175087064965238,-0.02681141282863437,-0.0902246737654826,0.9142596272241564,0.008256719522982542,-0.7121564072623912,-0.9305759908612847,0.19447104280414762,0.4127466473446475
0.6700000000000005,-0.22563248872756958,-33.39691919460893,0.3947817257407535,0.024954367236715874,-0.1006700986130158,0.2958341861061419,0,1,0.0,4.979803784529893,0.0,3.4967281516240862,0.0,0.7021817727648508,0.10864637682955731,0.024713540983423092,0.5701525126204761,0.8814039426686852,0.07445103633751236,0.9372479699179337,-0.2983651297880375,-0.04624144611699423,-0.08636766415842168,0.12148604849036256,-0.025824188351495955,-0.07688484335327761,0.9140710870529909,-0.03737689074592245,-0.707292472528259,-0.9287450316114434,0.17313355655841514,0.3190649362280098
0.6800000000000005,-0.22421012818813324,-33.62112932279706,0.3908919913884658,0.024621048040794687,-0.10458031003622859,0.2956632623511081,0,1,0.0,4.203331884673756,0.0,3.051415570942773,0.0,0.7259514425014687,0.10913273303226158,0.06347804696926658,0.5497111530838481,0.8824706279471121,0.12558691289198545,0.8890272937646557,-0.29868628069501435,-0.025116902932732194,-0.06819766091171253,0.12124679207267604,-0.02244795329625798,-0.0645843989634276,0.9134203265383009,-0.0829839982815016,-0.6793149852256661,-0.9272063448672291,0.1402350707988612,0.2388407504413408
0.6900000000000005,-0.2226485013961792,-33.84377782419324,0.38714064879023663,0.02429535177613793,-0.10845295505394274,0.2953593688293714,0,1,0.0,4.090224355452833,0.0,2.6655397622561217,0.0,0.6516853059703889,0.10994736363464827,0.09207923340295097,0.5118397416078819,0.8839514844873672,0.16314949915897828,0.8187407254461831,-0.29887571135614605,-0.01567850867154914,-0.05778228628134663,0.12104763125004747,-0.018217347597621995,-0.05420329726213602,0.912380277311445,-0.11320596608053778,-0.6303346172697886,-0.926013681913902,0.10556131363190267,0.1757402270582915
0.7000000000000005,-0.22222033143043518,-34.065998155623674,0.38360128495357143,0.023971152535414656,-0.11228918500332652,0.294925325159186,0,1,0.0,4.368018130459696,0.0,2.313450083521976,0.0,0.5296336885041311,0.11098419864573288,0.10996091473766095,0.4617861591871222,0.8857884762495934,0.1955370682334257,0.7301298942828609,-0.2989991370492189,-0.010474022343931475,-0.051090551706348464,0.12089007292384696,-0.014141303305197915,-0.04591777652286755,0.911234843561106,-0.11283399097015485,-0.5730256702060075,-0.925147251076264,0.0746520273609987,0.1293277565493014
0.7100000000000005,-0.2232963591814041,-34.28929451480508,0.3805036106380076,0.023640397116592885,-0.11609184727656864,0.2943715063849362,0,1,0.0,5.027265884945207,0.0,1.9759993812838554,0.0,0.39305639157555733,0.11213778366202135,0.11757617865352775,0.40486843476428547,0.8878453181186711,0.2096179737430474,0.6286958914042629,-0.2990828188824725,-0.00713373603940275,-0.04657243064005634,0.12077283103891243,-0.010119560875593844,-0.03965350803318035,0.9101699401057931,-0.10160563178327948,-0.5186576243001966,-0.9245626504103126,0.04836680720488404,0.09746920123611602
0.7200000000000005,-0.2257428765296936,-34.51503739133477,0.37792623192825286,0.023295786552947076,-0.11986528131145362,0.29371312991999604,0,1,0.0,5.762135328996126,0.0,1.7607926945556218,0.0,0.30557983949372913,0.1133036710596313,0.11449102791227025,0.3462655498096625,0.8899147955288941,0.2023940817361447,0.5244996317070303,-0.2991394078066625,-0.004774016034623508,-0.04350701196618445,0.12069309568623215,-0.006691945062149728,-0.035323978817822344,0.909234969245359,-0.0881244574928078,-0.4705609415165597,-0.9242061117999566,0.028177381417209837,0.07762332813955197
0.7300000000000005,-0.22933071851730347,-34.744368109852076,0.375875550663095,0.022931303454751202,-0.12361416075025054,0.292966119392345,0,1,0.0,6.428222934527444,0.0,1.6707982500963134,0.0,0.25991599967793255,0.11437787832568479,0.10152421402210851,0.29125850511797147,0.8917967531672086,0.1766149265894738,0.42782383428538395,-0.29917640385878963,-0.0030623976030722828,-0.04148604723833316,0.12064171744071528,-0.004212731695933763,-0.0325071452053578,0.9084291314328806,-0.07572002765292145,-0.42902859450891384,-0.9240069805057585,0.015206789174295788,0.06636970420534993
0.7400000000000005,-0.23371994495391846,-34.978088054805994,0.37427336560887603,0.022542767732006558,-0.12734278582211916,0.29214372247678394,0,1,0.0,6.9161368115391015,0.0,1.6611240807286913,0.0,0.24018088216189384,0.11527476168210267,0.08096540162293812,0.2443584560571601,0.893339411439385,0.13808374153747924,0.34683780217662274,-0.2991996747864782,-0.0019058861122259198,-0.04020684953781917,0.12061055688543768,-0.0024702131593410596,-0.0307748655878175,0.9077407943399433,-0.06435740026314779,-0.39347546908323494,-0.9239066447494879,0.007096879136077323,0.060541925388001516
0.7500000000000006,-0.23853541910648346,-35.21662347391248,0.37302272464999026,0.02212798462856921,-0.13105466205152871,0.2912552553997877,0,1,0.0,7.284181130364618,0.0,1.6808667720396324,0.0,0.23075573097394458,0.11593500114769097,0.05562037225361822,0.20881197984081368,0.8944523517816361,0.09294152431657406,0.28667656334512515,-0.29921431626561074,-0.0012282660700452261,-0.039407013476772335,0.12059340508449765,-0.0012721394546975368,-0.02979746817035167,0.9071616299080655,-0.053697055937126925,-0.3634512082328314,-0.9238675984971415,0.0021069241486828564,0.058090617271943756
0.7600000000000006,-0.2434534877538681,-35.460076961666346,0.37202309758792823,0.021686446655207466,-0.13475246584188352,0.2903069568527714,0,1,0.0,7.598005782667947,0.0,1.6981547516905842,0.0,0.22350003102975619,0.11632836843002135,0.028473504894383807,0.18642892898837093,0.8951037876602411,0.04700447628454304,0.24951106461356432,-0.29922466455435187,-0.0009625061168747469,-0.03886302298427502,0.12058588466475982,-0.0004410953970959095,-0.029338342777700532,0.9066862064725637,-0.043475348830654154,-0.3386578628527559,-0.9238656953167402,-0.00088057502738965,0.05769670833426943
0.7700000000000006,-0.2478543072938919,-35.70793126896024,0.3709561450950446,0.021220920230233347,-0.13843711390956667,0.289302301813443,0,1,0.0,8.207371758816624,0.0,1.6646807786671896,0.0,0.20282748543118576,0.11650533562924761,0.012430861067868042,0.17597630464440606,0.8953913498365965,0.01957310523458529,0.23238981869192799,-0.2992372636958937,-0.0015425519458241738,-0.03829107045400626,0.12058642573092035,0.00038505942519442035,-0.029282780603498537,0.9063183514992095,-0.03219785380291747,-0.31913736294567485,-0.9238876028589299,-0.002982018354563644,0.05858194111103643
0.7800000000000006,-0.2512340545654297,-35.95916532352567,0.3698496839677785,0.020736543681472482,-0.14210818831853556,0.28824360094344104,0,1,0.0,8.613951782178447,0.0,1.6759970337499834,0.0,0.19456770615430843,0.1165742225957947,0.004172529353946827,0.07856638975776065,0.8955068997512112,0.0074771111775037025,0.22540272355616509,-0.29925713088919015,-0.002263169117272363,-0.037369772484684205,0.12059447616046652,0.0010445147497552202,-0.02961935654835024,0.9060629197563124,-0.02119478970619893,-0.3052654683491838,-0.9239262598032567,-0.0043562051910956785,0.06037736964373153
0.7900000000000006,-0.256710946559906,-36.21587627008557,0.36919463188389623,0.02022850625012727,-0.14576677633783458,0.28715687557901465,0,1,0.0,5.665718569207312,0.0,3.332938960326769,0.0,0.5882640182971638,0.1132937000963704,-0.5090760782587944,-1.8590364298509439,0.895968833947598,0.06665854888156447,0.20822415750763668,-0.29927211421866956,-0.0012053147795883983,-0.03651482056396205,0.12034978343891982,-0.03013932970036979,-0.02050310491602758,0.9056301421141576,-0.05617645558416438,-0.28712475220406475,-0.9239645869642835,-0.0029158996622490408,0.0624377582479525
0.8000000000000006,-0.26403966546058655,-36.47991593554616,0.36899983144129866,0.019692989180768703,-0.14941751279245738,0.2860499883528399,0,1,0.0,4.87432794669828,0.0,3.266129691512378,0.0,0.6700675574480367,0.10500828497198479,-0.9879515995112548,-2.2113282841184705,0.8969271776263412,0.107741758991953,0.16441529458176518,-0.29928006947082336,-0.0007075470565388542,-0.03606728117617486,0.11977280019552514,-0.05913088791088216,0.005446901432654805,0.904880094980324,-0.08494605347645365,-0.2524993549265062,-0.9239884571812553,-0.0012587054380813656,0.0637969885189591
0.8100000000000006,-0.26689413189888,-36.74681006744504,0.3695155134282523,0.019134982561554603,-0.1530681658131046,0.28488604547133106,0,1,0.0,4.7552682900285745,0.0,1.8856728130090727,0.0,0.3965438544065591,0.09445834836517271,-1.0732167538635171,-1.4551796890244546,0.8978652346401693,0.07678093580502367,0.11441636157181279,-0.29928842467333117,-0.000909685392797221,-0.03566973487973435,0.11948561915813671,-0.009095549720905422,0.02480948712107356,0.9040069333199091,-0.08523502326116546,-0.20887016865916763,-0.923978168283132,0.002130359221512563,0.06362145007874886
0.8200000000000006,-0.26784417033195496,-37.014654237776995,0.3699890236709565,0.01856239404580659,-0.15672207738677996,0.28362884606265026,0,1,0.0,4.016041458856257,0.0,1.0010803258290255,0.0,0.24927035410729362,0.08453358213633931,-0.9222665771763224,-0.8133023684473075,0.8983262089840127,0.030233743555037513,0.08671292515473539,-0.2993034662645397,-0.002090889909001738,-0.03503577576812411,0.11999098881519096,0.09524070692752762,0.00997462993320486,0.9032566724139878,-0.06679160710320017,-0.16951278161226213,-0.9239364611084676,0.005328771771627812,0.061855932600543895
0.8300000000000006,-0.2688657343387604,-37.283519972115755,0.3692058118081666,0.017982139576562216,-0.1603720164203097,0.28228700261070805,0,1,0.0,9.487316103049418,0.0,1.3729642244100655,0.0,0.1447157515130138,0.07530202542406592,-0.9200181131444999,-0.756301198468925,0.8984680222154469,0.0037605827035258853,0.07697494749792355,-0.29932925777548275,-0.00299978792673999,-0.03383709002106272,0.12076982017220521,0.0513927339153347,-0.033351735218726475,0.9027994212707674,-0.030506468077277745,-0.1430217104676288,-0.9239169860528833,-0.0008912566037946319,0.06026017698378183
0.8400000000000006,-0.27092817425727844,-37.55444814637303,0.3687880845665439,0.01739176798222411,-0.16401383508643874,0.28089773905025295,0,1,0.0,9.156897386736588,0.0,1.5995833767275938,0.0,0.1746861556359005,0.06558310442240044,-0.9820670297614134,-0.9662337882280663,0.8984544890914357,-0.005134157557515614,0.07676212967241014,-0.299361722887655,-0.003536032590927536,-0.03226745887785931,0.12103879658718972,0.01441104674124192,-0.05049872468536165,0.9026006073537829,-0.013861883295541668,-0.13141655609161518,-0.9239478424228958,-0.0040969326851328395,0.06148242787627822
0.8500000000000006,-0.2731092870235443,-37.82755743339658,0.36878343880609343,0.01679130770596836,-0.16765245478317722,0.27946297789882124,0,1,0.0,8.73153046197939,0.0,1.753129408140312,0.0,0.20078143402152818,0.055070284815954426,-1.0709903691265057,-1.1607761728246837,0.8984006251618039,-0.006435567904944099,0.07932518511928777,-0.2993967742837544,-0.003647929898603857,-0.030526078803053025,0.12107388616970774,-0.0017258136146507722,-0.05386688984685151,0.9024912371382647,-0.00857191664079579,-0.1254190486210618,-0.9239935810048397,-0.004673740174637903,0.06371167622452134
0.8600000000000007,-0.27528858184814453,-38.10284601524472,0.3690226452696643,0.016179574841879506,-0.17129073976162967,0.277981030037243,0,1,0.0,8.539760491489787,0.0,1.8617323387522788,0.0,0.2180075334197061,0.04373778162050536,-1.147935539438117,-1.2180747041843116,0.8983433272754252,-0.006418593564374789,0.08219177687228552,-0.2994314984211502,-0.003561399978374667,-0.028781218940876485,0.12101566384315816,-0.007530391786819085,-0.051536231336589466,0.9024175737985644,-0.00578137172188969,-0.12145682712665717,-0.9240352737273199,-0.003782926069048666,0.06588539375908908
0.8700000000000007,-0.27748653292655945,-38.38033254817128,0.3693639401165621,0.015554852526552526,-0.1749299016588671,0.2764481479571302,0,1,0.0,8.595941168202481,0.0,1.9316603599178985,0.0,0.22471770076157144,0.03185041570296756,-1.1899638470730207,-1.162864858384369,0.8982820791837609,-0.007048935809684926,0.08519114723097942,-0.29946614131203086,-0.0035968439159891393,-0.027052618790385452,0.12093188133513251,-0.008426566096023274,-0.04743672336622762,0.9023705088645174,-0.0031534006180785634,-0.11884078330342618,-0.924064842238137,-0.002436750523652601,0.06749843685448553
0.8800000000000007,-0.27987346053123474,-38.66020600870252,0.36977946195893685,0.014915561412055656,-0.1785704029886224,0.27486053865840243,0,1,0.0,8.679397807087607,0.0,2.036340832896732,0.0,0.23461772850371318,0.019732001471298163,-1.2013437365936117,-1.0846009327560715,0.8982102435691729,-0.008890335005885304,0.0885987880407555,-0.29950150168886647,-0.003658515405573369,-0.02529076709743272,0.12085344589496189,-0.007298877278407738,-0.04340218247593519,0.9023499789023465,-0.0004764758256540144,-0.11754659270933843,-0.924080731090308,-0.0010836652574510823,0.06842818798965311
0.8900000000000007,-0.28267231583595276,-38.94287832453847,0.37026866947277565,0.014260021825560453,-0.18221264357198683,0.273215409038016,0,1,0.0,8.662087144884982,0.0,2.139369516713014,0.0,0.24698080658257046,0.007572143023028086,-1.2010287569343743,-1.0465871596275844,0.898124831108494,-0.010328817449737501,0.09272556283032429,-0.29953716343369075,-0.0036532295374998584,-0.023507151269331672,0.12079124861385246,-0.005619358546666659,-0.0401243665472899,0.9023531594788832,0.0017267445307247785,-0.11748529949675657,-0.924084053426957,9.67132169693527e-05,0.06871234266954929
